Husband themselves,64.65,20
Deep nearly with house,83.12,1
Follow attorney ask,96.03,28
Her outside,25.67,25
Understand and house,93.54,30
Occur answer fish,26.05,48
Whole,77.77,19
Natural town answer total at,72.12,2
Tax similar feeling special different world,9.95,19
Among once,74.26,15
Wife head left treatment very,56.70,43
Win will coach,49.40,1
Something often,59.71,40
See present visit,65.12,23
Business would area along car buy,93.19,17
Bad six fire rule,85.37,25
Trade make,24.42,27
Large project recently serve past administration,53.83,11
Democratic week series trade,98.02,8
Care southern cause power she,63.64,49
Far team,28.89,47
Increase just offer teacher game despite raise,42.86,50
Clearly,13.79,14
In fire mean,65.20,2
Rise nation team travel,67.82,3
Yeah author,5.58,31
Manage suddenly,10.69,12
Once lay pretty stock,14.28,39
Unit road,87.74,25
Firm draw,52.18,21
Get,68.92,43
Town return hospital,30.90,40
Participant by successful,56.72,43
Three concern sense,62.22,14
Activity something you agreement bill,36.84,31
Middle,41.09,40
Shake,90.93,26
Build everybody behind picture although raise avoid,7.62,28
Bring second people catch,86.06,7
Party,85.62,27
World three lay short blue,53.10,4
Threat,12.57,44
Thing woman most door response,94.78,2
Enjoy,71.67,13
Away left participant,89.70,15
Woman country environment fish human during,23.11,30
Above security administration,40.92,39
Picture matter consider list,79.93,37
More collection,36.24,3
Often,63.34,36
Federal usually serve brother rise send method high,23.68,9
Live probably least,75.80,2
Finish international generation big,38.58,10
Scientist family,28.04,12
Seven,23.78,40
Discuss score,64.66,8
Quality,39.51,47
Computer pattern over,16.48,21
Change research two such,7.00,18
Including sister hard,49.21,45
Project learn various,21.21,40
Stay movie within community,11.13,49
Ever next pull call hand job,59.58,11
Return compare,98.45,23
Area certainly poor shoulder east,79.26,11
Enter computer one political,36.31,49
Son foot short five next beyond,12.40,44
Tonight,67.21,1
Career help simple until reach,67.14,40
Now college,68.88,40
Food third reason,55.98,12
Minute operation,19.98,33
Green learn again,48.46,7
Record mean able behind,11.41,43
A experience baby Republican indicate,97.46,2
Occur threat her particular bag minute,76.79,23
Decision idea while number still,10.40,36
Member shake,49.03,7
Southern wind quickly great,7.24,47
Couple unit,98.99,34
Republican specific seem wall,17.95,2
Exist top major market at,62.40,12
Hope move choose,60.21,4
Always live,65.25,48
Remain south trip for certainly space seem growth,94.30,42
Alone yes in,39.67,39
Or finish name health drive peace fire,90.12,41
Anything themselves,30.73,17
Fall,34.40,22
All amount,76.37,11
Drug travel consider tend,61.97,40
Require heart realize,55.32,33
Suffer owner term eat so,24.78,37
Collection too course,75.87,13
Change throw local red sure our nature,72.92,35
Treat where memory over game open unit training,8.99,0
Ability,55.34,11
Either until put protect remain democratic sense night,78.07,22
Find own agreement response,68.01,50
Finally fine those,23.21,2
President attack,53.75,38
Fire research able fine,86.55,35
Happen rest century,30.97,33
Trade article include,9.04,5
Executive line southern Republican prevent,62.46,46
Thus alone right,36.97,26
Get program produce north fill,14.01,19
Maintain guy deal west fight,51.72,36
Hot improve season,59.41,13
Kitchen last wrong,80.49,0
In despite billion produce,29.28,43
Even sea,94.55,47
See,41.89,6
Industry wife once,12.14,35
College left something usually man left accept,40.44,14
Woman Congress,22.00,10
Single,99.74,41
Same dog office quality evening make show,30.84,18
Likely him be free,94.92,21
Machine during rest,5.66,12
War always since fine,47.65,17
Cold natural,66.13,29
Though,97.98,48
Mention figure book half,11.49,28
Mouth Mr science answer,97.69,1
Training brother science,67.82,50
According citizen international,33.73,42
Particularly single office process gas indicate,53.77,12
Carry,14.80,11
Occur wrong possible help,29.27,48
War late certain democratic take where,69.52,12
Increase director foot find knowledge,79.18,25
Pattern true,54.54,1
Firm article,63.76,26
Mean business,54.01,38
Near front democratic national score garden,16.12,5
Prove discover want,40.83,38
Less,16.65,11
Run bill simple,48.28,41
Happen medical operation,53.38,8
Color compare,74.11,11
Loss or whatever focus down second,81.02,0
Event important,11.48,36
Other become daughter actually cold page prove,43.34,11
Room issue between team join,24.60,6
Job view,37.93,8
Parent,9.12,18
Star because,22.44,30
Factor buy fact try any offer several,10.44,33
Back project us,91.31,45
Ok hand writer per million,77.49,16
Difficult finish interview very reason room,11.28,24
Economy standard state,42.11,11
Fine training late none although,87.79,2
Surface suddenly,54.25,46
Television usually agreement I,19.96,25
Wait beat bag necessary understand protect,90.39,40
Land economic,26.36,50
Allow,79.61,23
Maintain civil,13.55,16
Option some most enjoy,19.19,31
Room,26.51,44
However agent near,94.63,44
Which whatever drop level name develop,99.05,27
Environmental law ability tell serious then,78.05,33
Much again,40.31,41
Crime by speech,5.90,48
Who international,30.44,37
According cut account chance,44.31,22
Country fish,93.74,10
Modern environmental,16.23,26
Computer dark risk,47.06,0
Color likely amount hot its your,98.23,36
Art human,93.79,42
Produce employee control live home education training personal,31.32,30
Support product daughter,83.98,39
Management executive,92.07,37
Man ground once,5.13,26
Phone dark sister agency,52.03,47
Crime dinner song,39.67,6
Next yourself,33.75,31
Capital minute,90.68,11
Education ability environmental,83.59,9
Put western short,87.19,31
Event sing international,49.85,7
Should true,60.77,8
Not family stuff kind hospital,38.63,12
Arm federal rule vote significant,24.42,21
Dark they paper night management per,62.34,4
Occur both treat,22.90,9
Final majority foot product,96.17,45
Nothing discussion space,49.45,32
Protect remember interest machine owner fish stuff,61.83,20
People organization attorney,53.97,24
Sea already mention,66.42,27
True fear citizen number,52.05,44
Last onto,95.41,30
Low,51.80,42
Indicate,50.87,2
Prepare and leave fine make particularly,13.07,38
Same protect fish,36.36,49
Main prepare,50.76,29
Difficult college action,86.23,15
Whose he black,81.74,50
Million national money large,87.62,34
Point bring conference next,89.20,17
Total alone question,60.29,37
Provide who common now daughter medical,6.78,8
Drive never his investment activity,52.08,16
Purpose last camera story,73.18,22
While,17.73,7
Mouth born situation wide,63.56,27
Use character cell better,16.96,38
Industry discussion,97.43,20
There,8.31,1
Deep traditional difference much ago speak,56.67,14
Book manager low,53.09,38
Economy mother father ever one,70.12,19
Avoid career,83.38,46
Collection,64.81,20
History understand than hard radio,33.87,22
Yet middle prove lose stock manage,35.12,21
Born myself,78.49,16
Research summer resource,45.51,5
Affect understand result none,78.49,11
Claim effect,62.87,15
Short huge story organization,7.20,16
Explain popular table throughout,9.86,46
Different campaign middle later,11.84,7
Able film animal,46.67,48
Lot surface law,92.50,32
Rate,72.41,10
Assume door give right democratic,64.40,4
Your notice,96.85,27
To,34.87,21
Home model century around,23.85,25
Air late race,80.55,23
Chance,57.99,47
Cause need card indeed nearly seek wife,45.91,23
Local size if hotel,73.80,45
Religious face American her,41.05,29
Make fund,97.48,47
Item very professional carry sea,70.66,27
Follow painting way,38.37,8
Road report whom,7.02,22
Figure range build film western,69.81,13
Activity responsibility,39.34,46
Defense,62.16,25
Serious party protect,24.14,8
Mouth old cell garden role use person,18.30,31
People,38.81,39
According interesting all card,99.75,23
Heavy establish daughter single however major story herself,63.78,32
Make arm unit,10.52,15
Always oil central rule discuss now it,31.12,22
Stand relate,65.35,25
Push so effect few,18.64,11
Fall feel wife product,82.16,40
Believe,49.73,44
Increase get friend bring than,51.99,13
Shake my,92.04,39
Dog,40.77,45
Father offer property unit happen notice,63.76,45
Central not,33.84,44
Where buy story student best,11.78,43
News car cut,80.74,32
Mean kind wear really,79.90,27
Southern word build trial,94.42,37
Green later product put,59.99,34
Factor movement direction,19.55,48
Never garden dinner moment important,52.72,31
Capital anyone and,32.09,17
Southern color agency star order hour maybe expect,97.32,23
Reality draw century gun after,80.54,15
Happy brother performance rest those option,95.60,44
Word federal fast,27.70,18
Appear official,65.18,22
Specific,85.73,26
General suggest baby American American spend,69.73,32
Send structure,51.55,28
Total million no long,57.88,49
Movie start read million box song,87.06,30
Half side seven itself Mrs,16.69,34
Race vote everybody,7.44,32
Scientist partner,52.36,31
Father discover somebody fall per list until size,38.48,49
Most operation certain opportunity,81.07,9
Reach more staff nature,9.71,38
Outside,29.65,35
Kind certain everyone,92.59,44
Pretty compare,64.10,10
Everybody chair decision majority involve couple,21.60,19
Including guess,28.96,0
During reason gun thought list space,82.55,31
Point answer,95.08,4
Fire exist,48.25,19
Good off,98.26,2
Part morning capital,96.06,2
Rock time sea above why again professor,27.73,9
Space tend pretty it according,97.17,29
Future agree,34.27,19
Woman event call explain thousand top reflect,5.61,32
Simple because,51.99,50
Issue certainly forget sea,56.54,42
Citizen role ok parent,79.65,39
Today every,64.78,31
Rich fish,9.68,5
Personal,64.57,11
New action coach,96.29,8
Process might,65.75,10
Thank occur she performance pass,52.79,46
Per money,81.49,16
Newspaper nor,98.80,26
Surface reveal,42.93,22
Or,12.55,43
Child institution admit action effect tax,99.43,12
Now probably wrong among option despite,73.35,27
Really,64.43,48
Detail ok wait always,39.23,17
Our read attention course,39.61,0
Great increase put,9.40,36
Particular or hotel enough,80.04,15
Consider nearly say,45.08,2
For film forget civil common,84.20,2
Religious information among,17.72,42
Happy kitchen really,64.81,10
Speak stock word national apply,54.13,42
Another finally we,30.68,36
Test example car,45.51,30
Impact under themselves not word,99.94,3
Minute next,48.05,28
Course new successful,57.71,20
Soon hospital line,97.47,24
Performance brother administration marriage strategy order yeah,34.36,16
Box office job upon,71.87,45
Huge any front address lawyer central,21.17,11
Ground about citizen light toward stock wish end,80.47,33
Tough crime resource turn itself money treat,97.09,44
Everybody anyone management office,56.85,6
Meet,45.13,49
Message everything little,19.98,43
He south,16.41,16
Democrat environment skill college,42.44,30
Nature strategy according,96.21,25
Personal,63.49,20
Resource laugh,28.99,35
Time within pay,41.00,25
Floor none mention break husband help,48.54,39
Cup few billion later,31.24,13
Skill,23.60,42
Option bed off activity,27.04,48
Kitchen stuff,32.15,4
Student,9.90,31
Green night analysis trade,15.34,2
Child audience,48.26,43
Debate people,16.44,1
Walk,12.89,10
Claim page each chance,13.06,46
Instead own,99.21,30
National close time teach eat election,54.03,31
Law class able war cell,66.87,8
Next recent week international,17.73,31
Lose each coach although great,75.42,43
Energy would standard clearly hand room,74.81,6
Everything,22.95,5
Generation trip enjoy people second,63.96,22
Boy spring,21.19,13
Stand everybody simple specific you me long throw,31.43,22
They including believe,41.45,3
Describe mention already positive,19.36,34
Happy record join,48.73,47
Whose project education require,54.56,50
Arrive network,52.36,13
Sense meeting soon yourself from,34.52,12
Boy,81.28,33
Name development,30.07,45
Allow him term identify little physical adult,50.13,50
Impact page shake arrive,75.32,39
That true glass make letter three,64.59,0
Take enjoy hope,72.75,35
Air word ground,45.93,41
Agree born push,60.84,5
Protect plant could main,15.31,21
Do more,60.18,47
Class,8.49,37
Congress color staff,58.07,32
Dream leader career,37.22,13
Herself treat improve bill from,15.90,3
Degree stay hope up treat country,95.46,23
Say hospital,52.18,49
Process,45.01,25
Partner research force outside left,21.98,2
Return exactly,22.43,22
Last character,85.24,10
Wish player before,94.98,5
Bag risk,90.23,21
Pay never audience early simply record,44.61,42
Discuss decision,73.99,42
Building right,5.15,9
Plan into week,11.81,8
Perform picture,85.79,43
Many hand not make here,79.52,4
Possible federal person,88.13,12
Mrs more soldier life,44.21,48
Low stuff people,97.50,11
Town produce win third,48.51,15
Memory she exist,67.11,37
Population,64.14,31
Physical read ok,31.18,8
Science,49.69,18
Education you Mr Democrat similar election,90.01,46
Plant degree learn medical,77.04,26
Four nearly,39.61,18
Nor real maybe major senior item,73.97,37
Language recognize single growth,27.66,38
Believe,54.99,47
Truth easy much,15.18,2
Still indeed choose improve fall whether,13.78,48
Other head society save off,97.42,22
From wrong,75.56,47
Instead,71.79,7
Scientist history test letter suggest,28.41,15
Join indeed measure about must,74.66,21
Nor build technology,36.47,32
Claim information material section,75.77,23
Special attorney home experience claim force,24.90,15
Talk seek,8.52,26
So majority,33.23,12
Least,18.24,9
Race second attorney claim idea,35.48,49
Which a national,50.60,15
Area indicate likely another,90.70,20
And class writer,13.34,10
View,64.19,37
Parent base join fall big toward,29.97,26
Growth organization,14.82,12
Should reach my,8.44,24
Country crime,73.26,47
Current agency,10.32,46
Couple role art plan sign usually,52.09,7
Idea exactly arm skin,53.05,12
Force,95.43,7
Start,34.15,20
Strategy go whatever government,7.54,33
Party,47.60,4
Brother realize,9.85,28
Plant approach strong opportunity,21.94,21
Result during should available listen hand,6.19,0
Interview skin wall,37.64,32
Of manager test east free,49.99,31
Break rise individual raise side this,64.83,48
Drop,61.58,35
Gun head former education safe,71.89,14
Rock,10.86,50
View continue Democrat office follow floor,7.10,12
Nothing fine,71.28,46
Rule thousand others test,49.63,28
Necessary woman,80.85,30
Call determine simply seat interesting,10.33,8
Peace east rest site,70.88,39
Little top,41.64,11
Which use,90.78,28
Popular let require,60.97,9
Huge standard clearly,53.18,20
Growth case when add get,43.25,41
Use represent step next world article enough,52.30,33
Believe relate,9.39,2
Tv feel Congress senior vote all,24.39,36
Role grow,61.57,8
Thing agree,16.23,20
Us fact,36.69,50
Respond door director,17.67,32
Listen,50.52,17
Nature character individual,13.44,30
Say somebody there from,37.07,38
Opportunity section the,50.39,15
Product compare fill final indicate option,10.15,33
Social born middle,45.86,0
Walk reflect,26.98,44
Believe spring great,10.23,9
Dog chance well understand,66.06,7
Page focus step hotel model discover response question,18.79,16
Game office ball,35.09,43
Lead single,67.46,7
Bring left finish employee couple,39.44,45
Good baby inside capital key oil,97.66,15
Wrong station,76.83,46
Wind nearly company,17.49,18
Girl protect everything,94.17,29
Bring,72.37,43
Knowledge structure inside during,60.57,43
Scene even very chair,82.34,7
Congress maintain just card choice capital,16.90,38
Open medical,29.99,42
Loss never,85.33,6
Like detail represent step a,43.81,43
Art series decision note,94.16,5
Author under decide together no each free,49.18,34
Begin them TV,23.25,1
Mean with,89.51,8
Decade,52.60,9
Issue painting,87.73,3
Discuss which,40.04,44
Wait challenge evidence sense,58.07,9
Above message south speech hold,38.90,0
Remain against program land,31.79,44
Authority instead dinner region,45.75,7
Design next according but,51.68,44
Huge money instead,95.03,37
Little figure standard,91.05,21
Require that,70.15,35
Both example ask town,95.19,4
Teach color,7.59,31
Difficult protect history kind nearly,32.98,15
Fight return eat born,79.35,28
Year,28.41,17
Issue line back,42.52,22
Box,15.78,13
Black everybody month establish somebody skin,98.81,35
Wait ok,28.47,17
Born else expert if seat serve,86.73,22
Conference language sound,69.42,44
Nor author,10.85,15
Treatment spring certain,90.46,38
Spring book this,40.91,36
Wait catch race wait power mother,36.50,24
Hundred world,15.65,14
First all call,76.16,41
Follow general close,15.97,28
Child,56.65,34
Carry effort staff,38.37,32
Statement color nothing image,65.75,35
Every real eye,39.31,22
White,24.13,3
Sell simple,79.35,38
Item most arrive center,49.98,10
Single arm professor community religious high money,31.11,41
Radio claim brother idea total attention cost,80.49,43
Today if,56.74,47
Travel subject professor clear agreement within travel,38.43,44
Term sit analysis,98.72,31
Career forget stand,49.26,45
Source important create,37.89,31
Again set,94.49,40
Difference build report,42.24,42
Final level always then,87.42,49
Design note,25.74,15
History fine attorney,67.88,42
Certainly team think city knowledge half,82.59,2
Assume report theory special,57.32,16
None big,24.54,5
Star know condition question company over,69.84,18
Will hit sign,76.04,31
Treat century,73.94,40
Standard drug,15.38,29
Information society wish final nature,70.36,6
Degree particular dream phone speech part local,55.52,0
Include practice,27.52,5
Magazine art,66.33,9
Set focus world,99.97,41
Couple professor spend letter prepare simply picture say,9.94,47
Hundred how wall,12.41,11
Century tend,76.27,28
Realize address old we,46.24,49
Mean box,78.31,9
Small realize skill leader,36.79,21
Much,44.36,26
Choice contain after,67.61,0
Police,74.67,9
Game major ball including,10.22,5
Win travel station summer,95.51,44
In hot professional political so fly,82.48,20
Want away among seem north woman likely,37.56,7
Very carry,60.09,49
Democratic eye,73.82,27
Concern person discussion play machine gas message many,10.50,33
Test similar,55.17,1
Throw defense line,18.19,8
Reach investment smile which same,84.41,11
Bar control son miss gas site,50.09,13
Idea study threat center,11.88,43
Really money,83.53,43
Grow example image ready plant other theory,34.82,18
Seven success along thought enter current,29.95,28
Per reflect apply control city financial,78.71,48
Experience interview meet,53.99,32
Letter,40.91,27
South also name,38.27,30
Begin,76.17,33
Sound any close civil,82.26,33
Wide prevent raise food speak prepare window long,74.42,31
Per discuss open resource,88.00,18
Enjoy network the,7.56,35
Man material serve box,43.07,3
Ago,91.46,7
Particularly four,34.34,45
Truth here party everyone hit,55.16,37
Note,6.90,31
Magazine support of water analysis,17.28,34
Cold computer reflect,80.05,15
Provide determine site can,16.89,2
Performance hope,86.37,27
Our eat consumer positive read cultural,70.02,27
Ability remain hope call note beyond develop,10.79,6
Rich brother,86.93,18
Recently the,93.23,35
Do travel,39.60,42
Continue sport raise,67.23,12
Sign him,37.81,30
Scientist their dog,62.37,15
Individual before,56.64,34
Poor,98.70,4
Plant boy own,83.99,14
Stuff,63.22,14
Central live million feeling,18.58,13
Yard guess leg,67.61,20
Player your people,86.74,40
Adult,78.14,8
Partner as city,16.48,37
Son,29.51,24
Score size business will suddenly owner,51.53,43
Industry,41.62,30
Best main attorney,46.38,45
Stock fear,17.22,30
Race camera no final,74.39,24
Stop bar quite lay,82.20,41
Public set pressure option,99.11,21
Everything this top trade,59.12,42
Defense seven leg,73.80,9
Character culture including business discuss,49.23,44
Than bring shake small,56.69,25
Build rate suggest century,15.66,36
Prepare project financial,16.24,14
Customer glass,67.16,14
Some them everyone painting,76.93,36
Us,70.95,50
Medical face control well join rock,17.69,39
Road difference,87.23,18
Pay step where,84.40,18
From,46.92,43
Practice house,24.67,5
Reason rather,13.58,21
Blue occur rather how form,44.41,18
Forward,61.51,15
Account stop fast avoid human test though,35.93,29
Fear four project,59.70,40
Use room,88.56,21
Success activity,53.09,24
Send tend risk,34.13,34
Else trade technology whose then green,92.71,2
He everybody myself,35.98,29
Get,46.14,37
War,43.48,15
Nice store,71.42,48
Deep beyond system,85.12,38
Likely need truth,88.10,18
Purpose dinner within check also big business,75.93,37
That parent,52.79,20
Next respond community reason approach,99.44,21
Three his,41.93,29
Coach project head,89.90,41
Front recent point,54.24,23
Behind read,93.06,1
Him give so,57.46,48
Speak on born eye evidence,9.02,33
Drive whole ready,6.16,49
Their mission town that,94.84,6
Lot indeed serve tend,77.55,31
Key like,17.63,35
Key reflect,69.27,19
Every here rock pay will,95.70,44
Sign nation it over deep,13.01,1
Land me stop building,61.94,41
Two for increase key,99.79,14
Specific,73.06,8
Main less call opportunity,32.88,36
Phone customer,20.03,39
Think off particular interview reach heavy,65.69,44
Analysis different up,65.04,22
Government,19.40,37
Lawyer without material ball Democrat audience,25.80,37
Organization food,58.70,31
Expect child soon item,67.60,35
Soldier understand manager meeting value lawyer audience,7.90,44
Senior artist situation,28.21,37
Each term wide,89.28,35
Social there ready,10.79,29
Population mind,22.91,22
Tree property six democratic,20.86,49
Quickly act will federal claim week,33.53,36
Common organization feel energy blue although,48.41,13
Risk wife,6.53,39
Agreement person out first,60.21,8
Ok record part,90.75,1
Figure least generation,13.16,23
Current spring should,34.46,11
Week cold smile stand a return vote,48.06,8
Movement,32.93,4
Whatever production check inside,10.21,3
Over fish federal statement election kid,59.61,37
Public ever situation street week,92.82,44
Perform occur yard reality force,56.24,2
Husband walk second financial life,95.73,13
World beat yes win probably itself,44.32,37
Picture house reveal only bag trade hope,41.34,33
Along at but return find,89.16,24
Tree off they arm,55.55,5
Almost he factor,24.17,8
Somebody learn the culture shoulder seek,28.66,26
Example relationship material what,19.29,43
Experience not,49.00,37
Shake challenge car across,84.30,13
Concern various turn soldier drug direction,22.81,16
Including,47.47,14
Just third foot skin six well,57.58,16
Over cultural every score,21.62,23
Term store theory,79.38,37
Give sell,57.69,5
Hot western spend,61.64,38
Cause entire role,59.34,50
Worry,68.66,22
Law kind message fight,39.07,17
Network certainly,91.05,34
Authority,70.13,1
Finally use across mean knowledge heavy crime,24.93,43
Thank edge thing,22.84,4
Various,47.13,44
Hundred down,66.50,48
Leader hit agreement affect,63.18,27
Participant live computer,37.17,46
Computer garden system relationship,28.18,5
Word because even,39.84,42
Feel war produce do heart far,93.34,38
Together letter professional together,57.08,5
Meet party return wonder land share item,8.71,23
Throughout,7.55,2
Away within lead,92.68,2
Other,49.04,6
Practice show theory enter hotel current card,64.12,42
Score sit above age,93.39,15
Church really,97.08,17
Employee same public,22.24,36
Sea actually,84.93,4
Image often,65.02,28
Here group admit result couple nice,33.10,14
There former prepare,68.23,6
Reason,26.35,14
Street pass,89.85,45
Happen big turn,35.71,13
Brother too spring,98.39,1
Street turn,94.18,22
Program each space,73.33,7
Hundred year long management,12.89,21
Short,42.08,17
Unit former movement decide,77.60,23
For list moment,22.00,19
Describe structure where begin young,49.54,35
Within law,6.49,42
Senior something,27.41,14
Should tree beyond,56.39,47
Protect run left spring they,9.68,30
Institution nature want sense do whatever,64.54,35
Total talk total,97.98,5
Might this foot between majority several require,12.42,18
Range assume agreement seem,93.85,1
Every happy at,81.52,33
Increase bill anything,87.28,9
Blue firm,65.45,45
Both,18.18,10
Kitchen identify instead keep,47.66,38
Sport computer,9.19,21
Phone apply dinner course visit level left,41.13,30
Much soldier,86.24,36
Artist paper catch goal,41.25,16
Coach financial family exist surface,35.84,37
Arrive yourself day discussion stuff add,93.27,1
Shoulder expect recognize career,73.60,47
Join several,28.34,27
Participant region difficult,83.47,13
Major commercial,46.74,20
Push central week talk summer knowledge bank bed,10.64,10
Fast behind raise,73.87,24
Read behavior hotel,88.30,39
Within,60.17,42
Apply cold,37.47,2
Worry general hand for,36.15,38
Condition expect debate everybody,72.46,9
Development black manage spend,19.35,20
Poor allow manager positive strategy indeed,73.22,13
Sometimes card official others team,95.90,36
Charge defense energy,61.65,43
Before if activity,53.65,11
Minute,73.76,41
Trial choice wrong road,72.99,26
Exist degree leg four magazine,35.22,48
Before oil full current performance whose somebody kitchen,55.77,3
Peace among left,13.88,30
Myself,53.47,11
Suffer study fly way,57.79,22
Player song,90.50,16
Money early,67.61,24
Stay somebody,50.46,10
Much discussion another with,14.29,40
Class consumer year,72.84,4
Evening,99.95,43
Cultural evening exist or while,82.03,41
Player around,77.69,33
As hour to represent scene college,51.13,28
Share six voice business free consumer himself ask,60.31,28
Attack young do,58.91,12
Position analysis cover ability,93.12,18
By how marriage learn,54.88,21
In sure store decade sign,18.20,33
Believe option south mouth defense,26.66,10
Official,66.09,18
Child school,39.20,6
Foreign common institution,28.33,20
Story example include man,70.85,21
Require feeling wall million one sell,30.80,16
Beat phone rest,38.90,7
Cold type magazine happy,66.31,35
Support effect family,23.99,22
Today create admit left real,48.61,8
Measure return idea,25.15,48
Investment city walk add single,97.46,22
From boy by manage policy,20.38,39
Manage commercial decide year,49.52,4
Item,77.87,1
Like teacher,32.69,44
Can girl,55.18,23
Partner she rise,39.20,8
Every economic,5.17,4
Ago region or major physical,91.83,28
Current red,37.98,4
Operation,61.10,21
Number suffer easy stage,72.51,19
Despite for,39.88,26
It event,24.49,38
Would yes well admit ahead within,85.66,49
Fine month environmental including almost answer,27.15,1
Majority happy break father she,86.82,44
Trouble this good hand later,15.62,4
Bank executive that,25.29,10
Traditional approach course,13.95,5
Role yes hair what oil opportunity,34.96,2
Because type son,45.11,4
Drop effect line when carry,36.89,34
Positive up rock goal,18.10,40
Mouth what off recently art treat,94.91,40
Ok here,57.12,39
Smile bar note create make,64.11,40
Art recent official beyond,40.17,40
Health bank identify,50.55,46
It present adult,7.59,8
Name will,19.87,2
Arm,31.11,31
Go Congress,6.68,5
Hit explain standard,36.96,44
During,59.20,13
Admit conference,68.66,42
Laugh same face lose,86.69,26
Until believe cup,51.28,43
Strategy art campaign,58.90,10
Computer thing career,26.00,42
Recognize,8.00,39
Employee half cultural part nothing above,43.32,25
Crime which,56.95,20
Seek read,35.22,18
Against agreement no,63.75,5
High rock this start,81.52,30
Check,42.88,50
Whatever information keep be receive else,40.41,29
Prevent from,29.37,30
Both,42.77,2
About pass north step whether within,39.54,37
Various maintain politics before relate a,92.53,38
Carry reveal gun gun cup model word,80.48,50
Commercial task develop reach,31.24,13
Field,10.46,40
That past group build tree fill fall,39.94,32
List,99.58,23
Sea loss single lead group treatment,33.77,11
Approach hand reveal,70.94,43
Strategy,33.80,38
Suggest position him,49.08,39
Official give,10.45,50
Bad would,24.01,9
Give probably kitchen,66.59,46
Wind,8.61,17
Performance newspaper represent avoid,70.32,0
Particularly part board message land none,80.47,50
Who,8.64,22
Off notice friend yes wind western detail,82.81,6
Interesting matter section natural shoulder,64.67,50
Data simple piece strategy,99.17,31
Idea person himself fear family alone,63.71,33
Everyone discuss interesting it street buy somebody memory,48.89,19
Human between kid various since myself,37.73,16
Beat road rich,84.00,32
Probably smile eat,31.23,32
Then go kind treat training,82.18,12
Movie pull,62.55,15
Suggest,15.88,34
Usually his,22.05,26
Join,97.34,1
Exactly,42.97,42
Respond natural like owner pay her,97.94,43
Admit site follow,97.42,0
Throughout attorney rule success,49.93,43
Performance and admit college,20.26,40
Join interview benefit something,73.54,37
Accept season city environment,35.40,39
When financial safe,22.26,50
History step last realize,71.61,50
Easy only coach same,46.94,11
Theory visit he by,53.32,43
Stand table check program Republican,15.78,14
Behind PM anything woman experience school,31.80,34
Approach so,5.93,1
Room,98.30,25
Phone score account still them,75.33,20
President short Republican,96.13,26
Wide close personal worker treatment,98.39,50
Win defense near man suddenly,75.32,27
Environment bed gun expert white,28.64,13
Case especially most data finally,39.22,23
Talk attention,70.94,10
Subject work probably campaign,50.17,20
But pay political can,97.25,26
Fish cup pull,15.83,39
Light would,59.23,49
Any address author certain,48.97,9
Treat stop today,93.85,48
Question standard,15.20,20
Matter black run,72.29,22
Maybe brother success capital,98.20,8
Use tonight,49.88,0
Stock information,13.59,44
None themselves better mind trouble behavior,48.73,31
Some community,75.39,3
Daughter seat still most,70.50,13
Break card,6.32,2
Risk first performance,74.16,19
Lose they,5.25,14
Memory not what explain phone any,38.71,28
Trade defense data year,27.28,12
Increase more,39.19,14
Value program,31.84,0
Task several,23.86,2
Play system public modern professional myself detail,20.71,21
Run,79.89,27
Also must box standard,17.74,48
Themselves reflect cause hotel glass get medical,43.74,8
Treat lose quality coach example,69.09,20
Plan condition mouth wonder,56.33,4
Store season huge,61.97,50
Floor read,63.84,24
Single mention,79.59,32
Image all be,79.66,7
Painting peace involve economic fund series,89.48,14
Measure paper voice,52.31,11
Prevent none skill marriage kind,37.73,12
Science difference yourself,65.34,40
Me represent nice,23.92,19
Past daughter,80.40,49
Level look,63.10,46
Discover minute his charge,42.69,45
You,69.81,17
Agency five themselves,53.76,13
Country as,24.43,8
Thus wind nearly same professional oil relate,68.56,11
Challenge simply agency,10.38,28
Might,91.83,34
Indicate face station information,20.83,42
None charge difficult budget,52.74,41
Laugh son respond,93.80,30
Adult prepare say personal field want,74.51,37
Ago something,40.70,10
Both thousand front ok interesting analysis,26.02,28
Similar,30.79,17
Follow water,99.34,27
Response person information,34.95,30
Effort guy standard central listen card trade,58.15,30
It fine either,32.01,49
Forward environment,43.19,41
Somebody authority out have,82.64,28
Civil strategy road century thought stay three,71.57,7
Name start myself,82.18,49
Democratic image personal,26.02,37
Threat senior least else wall,49.66,28
Skin end senior argue present,94.74,25
Black month him,44.58,39
Themselves,8.50,13
Agreement live quite,90.75,4
Wrong resource author add draw wait,40.45,43
Economic Mr front us east,86.18,28
Follow,82.69,25
Easy,90.34,14
Difference management hard course,36.96,26
Early age spend,16.83,48
Behavior,84.71,32
Thing job order life,19.10,4
List understand attorney,39.26,3
Heart force clearly,15.29,9
Nation product reflect fact,67.41,29
Amount put better,25.76,2
Partner ever network thing meeting foreign participant,53.62,43
Agreement play,5.21,10
Growth,96.36,41
All rest central,95.32,5
Particularly suggest consider especially brother,57.37,14
Material too save,87.97,39
Shoulder office four itself,95.66,32
Strong star,30.54,30
Shoulder hard her property with,58.84,23
Tell suggest worry heart box little,32.17,13
Bed success animal,10.29,24
Sure commercial,63.23,14
Rich personal,97.95,26
First long collection PM mention,64.42,5
Little something,98.36,3
House,17.11,32
Foreign anyone relationship,26.52,50
Site century generation sometimes impact dinner,59.65,29
Tree black sell medical,43.35,41
White enter man find laugh,43.23,34
From amount politics cover,89.46,6
Network east five,95.67,16
Little,7.09,0
Really,34.00,43
Nation evidence top,13.09,10
Personal finally soon husband age,82.66,41
Education degree whose,59.92,16
Successful morning idea check,80.57,41
Game,54.18,21
Also student,28.83,12
Worry,56.12,47
Break letter,39.15,30
College office military though drop,26.39,37
Successful network father decade memory,25.73,36
Four majority,49.20,34
Today,41.23,29
Customer gun performance occur between,85.94,19
Represent old east couple eight before,34.31,36
Find,53.97,46
Our,71.45,32
Risk perhaps home,33.19,22
Rather maybe,97.16,29
Clearly society free too,7.92,6
Address suggest able,90.57,43
Far agreement,80.31,1
See care purpose,7.82,35
Two,71.37,17
Order edge smile tend knowledge phone,97.26,18
Already,95.13,3
Trade protect you air exactly authority,37.48,36
Next radio,68.91,0
Big when mission appear pretty thus tax space,22.70,16
Few democratic,97.70,48
Return may laugh,27.87,23
State fall investment gas person,37.94,25
Purpose build center,49.80,7
Hour oil Mr statement,19.23,43
Republican manager local guess,57.66,9
Article including listen whole including voice blue,20.56,27
Business push,8.45,49
Money statement,63.21,21
Site nothing very general job drop,86.58,21
Participant whose laugh relationship,78.08,22
Someone,68.79,3
In,15.47,24
Already image some,72.59,33
Indicate focus item happen price beautiful,21.78,29
Score rise,94.85,41
Middle,54.19,3
Community economy second,19.28,11
Foreign party arm firm cultural send,93.08,32
Discover,63.30,25
Network free could,25.30,28
Close next mind ground,62.38,25
Spring,28.54,39
Quality smile world maintain,8.39,46
No,94.94,12
War against only,85.13,22
Pattern,19.30,6
Should recognize,63.92,3
Enough democratic design interview finally figure,30.12,12
Later party involve network international,76.43,30
Value growth not,99.65,15
Early again,36.18,41
Order son whose middle break its,28.96,35
Country growth key war actually,29.96,3
Allow discover project discover,61.80,21
Improve stock carry performance TV,50.12,35
Around,70.96,32
Garden,82.47,13
Plant score without staff age draw kitchen,8.52,21
Onto difference conference,72.53,16
Place product section view before,91.94,5
Event,17.23,26
Cold lead,45.26,40
Test end we soon forward suggest seven card,50.56,13
Personal imagine analysis mention organization because,75.39,0
Difficult care environment much bed,71.58,42
Voice court wind,57.83,18
Off necessary book whatever,8.74,5
Field improve PM member,53.02,13
Pick already often,30.18,1
Subject enjoy agent,51.52,23
Your,44.39,19
Particularly research,20.94,31
Well dinner group nearly heavy,80.60,25
Goal information,42.98,11
Thing least prove leg money computer program,32.45,12
Culture new accept there meet over relate,48.71,2
Summer daughter then,40.57,6
Other whatever experience up reduce,23.25,1
Assume leader somebody,21.17,1
Tough share,11.16,27
Computer southern,11.37,8
Challenge different skill,74.82,22
Total particular shoulder appear,48.22,50
Better network community research,95.22,9
Source compare give letter hair,73.74,38
Term manager,92.75,21
Sit finish,50.19,33
Be seem else wife Congress,64.17,49
Her,37.47,39
Citizen along,97.65,8
Current white wear his,86.82,15
Dream military,16.74,43
Knowledge them require,51.52,27
Thought smile response,51.97,20
Information crime right main difficult government system foot,36.38,40
House future marriage cover,46.97,4
Memory here become,37.12,21
Region indeed more remember must threat pick,75.65,34
Surface fly,51.76,2
News much happen specific,26.73,9
Yes,63.68,3
Impact,57.16,22
Foot economy between among study,40.14,23
Piece assume,13.10,39
Hand exactly before,9.40,9
Material fish work make during who,14.89,14
Step pattern whole Republican peace,47.87,5
Church,27.95,45
Require seat room also let,36.92,6
Key provide,35.55,20
Administration step environment piece assume,69.70,33
Down bed,21.93,40
Art structure leg apply affect,70.28,3
Agree group current article,50.56,23
Discuss would always adult,25.66,48
Just little body middle now machine process,47.58,18
Stock measure area,77.85,45
Economy administration,83.80,2
View,52.75,39
Should home contain,89.50,47
Song hold,73.69,13
Three opportunity respond operation room assume,48.97,2
Population down black cause,95.41,40
Bad each term,12.50,44
Little fact program theory from spring over test,24.08,26
Play through me according Congress,82.78,42
Enter almost quickly,31.19,37
Real trial offer,46.16,33
Young expect rule none rich police,84.83,43
Customer drug,82.47,37
He,24.03,30
Couple mother ability class conference turn,44.32,37
Action agency which stop wear particular,10.44,32
Wonder official community,89.70,29
Statement land night,92.69,14
Serious market thank,87.04,8
Dinner lot more,13.16,21
Person figure,51.82,32
Pm,94.86,17
Purpose they lawyer course heavy,8.80,38
Word accept area,13.36,36
Stuff city,56.40,7
Itself art,49.31,33
Address,89.90,23
You too activity then medical whole common,61.33,43
Base itself,28.22,8
Himself red believe adult,46.69,18
Pass imagine,63.17,3
Huge three ever quality force officer everything important,35.06,29
Machine minute,24.15,19
Newspaper thought,72.07,42
Goal similar executive level,62.18,43
Yourself out subject,55.12,30
Couple begin huge,91.31,27
Environment audience toward serious they,14.44,35
Rather defense most mean collection,77.22,17
Our suggest amount our hundred peace,42.38,34
Century,86.57,45
Development or movie consider daughter,9.81,2
Thousand Congress stay none card teacher,54.47,47
Purpose sometimes,72.51,35
Art news little citizen one guess assume,15.93,37
Follow,78.58,41
Issue,85.30,5
As team town condition,75.20,5
Understand most,11.49,25
Evening listen,7.98,6
Street,48.00,38
However might also,19.30,0
Forward seem before,82.32,49
Marriage pass center factor network next politics,12.61,41
During quickly continue word,34.82,0
Pick offer little fight,60.59,38
Tend anything,7.26,30
Than produce,22.04,47
Should only,63.82,34
Good,23.25,7
Somebody food particularly board head long teach,22.52,38
Tough without himself,97.40,9
Population professional can day decision,87.17,27
Relationship attention start,18.25,34
Them listen,33.97,2
Data oil travel decade,21.21,12
Former give,38.30,39
Of provide win less possible,94.16,29
Population our enter ready,64.03,13
Nor spend national management,57.18,20
Quality himself feel might turn,95.51,0
Student camera officer,38.25,7
Remain his,33.36,19
Act grow voice,94.94,3
Lay send,25.97,33
Force green future,49.71,7
Nearly despite real marriage,80.50,13
Degree rule debate,15.04,39
Seek who work oil,62.42,20
Simple,13.75,27
Partner quickly son,15.16,23
Dream,37.83,50
Sell safe other poor,88.46,17
Bill still place within,91.68,10
You,91.70,0
Professional investment,81.54,20
Begin teach once knowledge company week seem talk,10.14,34
Still relate happy difference media provide,43.62,41
Some successful,53.41,9
Mr how continue crime,61.81,27
Church direction standard,92.74,33
Themselves want its upon reflect I likely including,95.82,1
Present enjoy job simply hear,7.12,6
Cause draw language kid west blood,38.60,5
Human news prevent hope artist pressure,55.55,6
Over same,59.69,5
Near performance,93.06,42
Everyone trade happy,26.39,43
Pay best seem million also issue feeling,6.01,44
Woman floor discover soon difference heart want,46.57,19
Among black,13.43,10
American lead,23.99,24
Really significant arrive increase drop,6.52,19
War class matter,98.74,37
Training it TV start land,93.32,38
Leave many student source late today,60.13,23
Amount practice those alone music,32.40,8
As trial,52.64,11
Hit only window south this,10.30,44
Hit begin nothing rise book knowledge world,22.33,43
Work home,43.07,20
Contain,60.62,28
Treat also success,44.11,3
Feeling beyond study,45.40,42
Event must economic,60.47,46
List,29.00,44
Them range sister book fact development,34.54,28
Natural hope,65.19,4
How figure can community,39.61,0
Song my human,11.71,25
No rest evidence speak section,71.46,49
Science,97.37,41
Subject fact we member history beyond,85.33,37
Wide upon think center step personal,86.50,31
Morning detail set,63.14,4
Per media a face western might defense speech,45.46,49
Figure serious training,42.35,39
Again step out explain,46.03,15
Part though sign,35.00,35
Big piece process every,36.73,50
American nation,48.54,2
Claim,16.20,29
Eat reason size draw someone find support recently,77.75,41
Ago,44.16,25
Body trouble goal worry,47.19,2
Several well,42.76,0
Able item study fill above,41.81,14
Fire or open center agree star,55.64,41
Head,16.64,44
Food range,57.94,40
We sign,51.53,40
Final red central,23.54,44
Everyone travel move nature effort least region,57.35,42
Military still sense,9.63,42
Meeting front prevent personal quality national,65.56,35
Music she none,13.88,19
Daughter this find,98.51,41
Check something bag,86.37,8
Line expect bill me anything way,37.14,15
Create teach body will around only school cost,6.49,22
Difference affect,74.72,34
Set form,78.87,16
Analysis focus base subject peace in,57.67,32
Fine,81.82,28
Newspaper,31.49,15
Detail main meeting society measure machine,91.37,10
Major,94.17,6
Themselves boy determine majority,9.27,14
Security policy investment chance toward,89.17,42
Pattern low,49.36,28
Community certain painting stock concern including,22.24,40
Word end film,99.31,12
Quite evidence board,33.11,40
Want,94.68,16
Feel somebody top point clear speak,15.93,7
Often wall,78.40,30
Dinner leader,24.00,47
Black media together,41.67,15
About,88.91,29
Miss special,15.79,13
Writer commercial turn oil avoid easy,61.70,45
Until religious participant hundred social hard behind,87.81,36
Produce car out those,25.03,20
Sing husband while major really thank high,92.39,18
Commercial whom,26.88,42
Individual cost trade remember scientist during turn,62.44,12
Brother commercial late,47.25,39
Evidence available mouth,52.87,27
Black firm pull baby first,33.87,2
Edge hotel,77.20,20
Respond thought next hold,63.40,37
Rate attack year thus,59.89,34
Assume who act score wait,19.32,33
Trade early road dinner arrive,51.70,35
Wall middle,42.60,42
Experience,14.08,9
Include economy,44.63,14
Rule per,95.32,15
Style people,15.81,19
Better sit analysis,64.53,37
Common information next,94.71,26
Care another trade bed draw,42.60,13
Forget employee deal want list,76.40,44
None so authority seven,86.26,45
Edge understand figure,7.44,11
Soldier forward over same together figure campaign officer,61.85,28
International them nature,90.52,49
Language affect scene ready,76.81,9
Major,10.19,10
Bank who finally sit resource,12.01,1
Maintain become college,66.09,37
Question administration western,67.52,1
Big suddenly young table course civil since,78.55,31
Everyone political which source instead table,80.12,50
Suffer heavy artist,77.27,10
Own poor,5.54,20
Something word expert effect collection single capital,33.76,28
One police,32.94,10
Sport social according turn size,28.92,40
At cell,5.91,27
Record almost third,6.00,5
Onto middle,57.07,36
Investment,65.56,16
Hair manager second official possible executive information,54.54,49
Rich beat,10.23,34
Visit animal police actually,70.44,6
Relate charge officer of,19.37,5
Budget role,26.01,43
Accept strategy report himself upon food I,30.31,40
Off moment own gas,74.17,27
Charge action defense,97.94,33
Including address need can,35.39,17
Travel car,31.37,0
People there yard only painting tonight chair,60.31,37
Thought join next social answer,75.07,34
Future attorney,34.97,42
Leader type,71.85,7
Color turn ago score clear,89.96,22
Else green,15.75,14
Anyone either,55.84,37
Expert pattern anything space,96.13,47
Law condition step college support discussion,74.35,27
Threat national number,77.37,2
Outside public front country,6.95,33
Agent system,34.92,45
Charge your option,68.65,43
Open marriage,88.76,5
Throw at allow mind near,56.86,25
Who agency,65.32,0
Race old,51.07,29
Student walk,93.32,31
Such however,19.06,8
Population language significant money,35.48,37
We impact everyone four,21.90,24
Serve military herself,5.28,33
Structure three,82.80,2
Statement development day,24.44,1
Start ten position,16.88,32
Safe shoulder phone,99.22,8
His thousand ok,90.15,50
Pull they responsibility collection,69.62,16
Least,26.55,50
There baby rich establish,53.69,6
I decide partner positive candidate assume,83.80,28
Ability development grow,16.53,28
Institution shake conference,53.98,0
Sign region,31.58,12
Size course wear,11.51,6
Feeling thank instead magazine writer travel,53.56,28
Success expert pick once,16.91,28
Fly move,96.82,39
Baby as,88.47,39
Modern,21.18,35
Democratic camera,73.58,23
Result participant money office main study always,24.02,29
Car,26.45,48
Nearly those subject,86.68,28
Job dog end,60.77,49
What power,90.33,46
South decision,76.47,39
Hotel range outside be beyond reflect,25.95,49
View sing,57.64,28
And camera or end,44.00,26
When resource,85.54,15
Politics let,72.78,2
Compare identify approach single open smile attack,14.34,28
Fire month side might,69.61,47
Soldier everything,37.80,17
Opportunity,86.06,22
Which some choose,66.35,12
Guess eight surface generation itself state,40.88,49
Bill case,10.24,44
Force scientist degree,85.15,42
Perhaps about against record involve imagine,80.11,3
With actually,97.53,33
Bag strategy economy south,9.57,37
Like across thing keep candidate break,68.41,7
Learn discover concern reflect color out,26.17,26
Raise thought while image,99.74,35
Drop,20.91,31
Write her buy,62.12,18
Increase,61.96,1
Century,47.74,23
Talk bar organization,40.28,6
Serious before serious,76.24,39
Similar save economy its candidate listen,66.66,38
Sometimes practice,83.94,12
Seat officer spring by,72.16,21
Another,94.25,9
Step generation member,32.76,39
Report behind instead system,43.84,7
Back woman simple,12.23,32
Leave along,63.72,1
Wish see near,42.75,34
Only term black,6.29,30
Section,29.49,50
Health meet PM,47.85,50
Increase particular hundred,41.00,40
Again human,27.20,17
Focus live make,99.86,15
Research dream trade forget,91.89,24
Without set anyone,17.24,9
Whether peace hotel,90.69,24
Approach let part which clearly only artist,11.71,35
Both enter us here no,49.36,14
Commercial office social available feeling sport,14.41,49
Father beat meet,47.27,12
Top west glass,15.73,26
Major marriage now,64.37,32
Style age next work cut,54.06,27
Off despite husband close let else,68.73,38
Color as,95.87,12
Lot everyone,66.39,29
Mouth west follow,62.79,30
Color my measure figure management share,39.54,1
Religious skill us,66.37,31
Answer against score,68.05,36
Writer positive newspaper,19.50,16
Husband,49.11,16
Sit child huge,49.84,37
Speech discuss last,31.51,35
View next simple baby,68.51,1
Administration stock body green understand decision,87.54,50
Price move education design true,79.57,28
Billion member,64.15,8
Only scientist,27.84,27
War people,29.00,37
Hard big ground blood,7.01,48
Actually senior well bill,10.66,29
Go career close,21.92,30
Big,6.02,16
Shake adult inside ball occur claim including,95.93,46
Science watch fire character make doctor road,21.24,5
Key number concern painting value cut,91.36,42
Several board really end economy series,47.55,8
System easy allow Mrs yeah west employee,70.28,42
Section nation,74.32,44
Want myself,64.67,28
Age accept discuss hope gas job,75.34,17
Bring land,93.46,17
Least allow stage despite rate,93.77,7
Decide exactly,45.83,26
Challenge nor,73.85,16
Look interesting by,21.42,21
Go,48.68,19
Loss century story,76.93,28
Eat rise,90.79,35
House age,78.98,14
Service himself ok kind mother Mrs,78.30,28
Dog money view,40.67,33
Free manager raise most nice sit maintain,98.54,39
Quite central Mr then record court,78.61,14
Let sense leg,88.72,35
Itself indeed,57.94,36
Task,61.22,24
Relationship some main,5.69,29
Boy Mr just,65.57,28
Vote late detail soldier,71.47,15
Close,92.55,5
Less figure,26.45,49
Sign hand operation,44.05,42
Impact kind good cut,98.00,30
Enter writer,97.20,38
Husband health state actually something debate morning,57.51,17
Fund suffer job,66.39,20
Fall begin happen,54.67,42
Character also understand certainly campaign Mrs,42.09,22
Court or serious,42.00,38
Exactly deep lay son,74.01,5
Born office citizen TV event thousand,55.26,27
Lead,28.38,4
Wear them and police,51.21,3
Land deep surface past join against machine skin,66.45,28
Land there activity major view,81.29,28
Prepare join music sing paper,19.87,41
Fill,60.04,24
Within should example director option,50.29,33
Board add,32.96,48
Direction financial describe always American,44.24,28
Second campaign,31.73,32
Expect pull both box whose affect,93.26,3
Everything war benefit walk today grow,65.70,38
Move worry high partner race,97.36,35
Term local cold,48.39,50
Family sure all sound history partner,42.70,45
Trip seven many among purpose every up,40.47,0
Cut deal,65.74,45
Call consumer process old,65.59,4
Many amount their arrive,47.00,13
Able agent agree ok sure poor,43.14,11
Outside full above,12.76,25
Card,99.18,3
Treat,63.11,5
Edge,70.23,39
Loss half,91.79,28
Cost move option,81.40,33
Cut stage many ahead about summer,22.25,8
Shoulder address media,15.71,42
Same pull skin century president,17.95,28
Firm old probably able painting,18.67,41
Maybe week play tax them conference,57.84,12
Politics PM shoulder one knowledge,43.47,5
Mrs hand system whether rich enter,16.12,15
On effort movement organization often Mr piece,35.93,0
Hear Republican her,37.81,10
Because act,90.46,49
Eye and just ability,95.14,22
Open doctor president carry,35.08,50
Question article,47.22,38
Choose method voice challenge throughout church report,51.62,39
Child film,58.32,34
Reality light,46.90,9
Foot crime reality indeed,74.47,17
What identify,82.12,19
Well nature hear week,36.21,13
Expect time weight might,70.71,50
Friend system law,16.70,32
Choose how wear lot see to affect the,85.79,33
Occur,64.76,14
Into culture game,75.62,9
Avoid,64.32,8
Girl seat,19.87,6
Town final arm,52.57,4
From,76.16,46
Everyone carry have during,75.95,26
Relationship your factor,76.27,35
Democrat treatment owner,86.04,0
Cultural light,32.85,1
Thing fine want,18.67,43
Newspaper student change second,20.92,30
Couple someone trouble,6.87,36
He the century explain behind catch success,16.90,44
Success whether southern voice,97.56,37
Instead rich,20.58,40
Song everyone decision relate,67.12,27
Figure catch radio cut,51.12,30
Evening war piece too leave,27.56,32
Country affect,46.03,46
Blue create reveal opportunity,45.49,11
A reduce pass,69.43,33
Mrs single heart pay have,98.08,3
Seek buy building business name,26.65,26
Recent fear buy away computer similar movement relate,30.58,49
Move public prove idea,90.67,40
Current,47.39,12
Tough go,78.36,16
This,60.51,15
Party morning travel space fact,96.15,9
Herself know,82.72,49
Station student,87.36,39
Magazine town development increase,17.02,42
Themselves just,77.00,19
Congress deep research sure piece,33.50,40
Administration decade gun leader fish,69.91,6
Board system,59.33,16
Senior certain happy myself,62.36,37
Four far read from,87.40,3
Serve miss right hit often just investment,66.75,16
Large,8.76,5
Deep history me various yes,97.48,17
Goal include maintain space four democratic,10.25,46
Sell generation,45.83,44
Single mention statement,68.53,43
Yet fear trial,24.64,25
Bag hundred past drug rich,66.69,19
Spring sense house,66.59,44
Would part agent set,31.72,23
Writer beautiful choose similar,77.00,33
Difficult avoid become day we,95.95,46
Same size building,44.18,0
Campaign skin national always,99.01,14
Beautiful nothing test very,51.59,9
Her hand,70.74,49
Baby finally somebody process whether receive,13.97,29
Amount,80.81,10
National consumer conference deal,65.23,43
Population policy world,24.54,14
Mouth score level,64.54,25
School position process,51.06,3
See theory,93.50,30
Individual same by approach,77.78,28
Add rich remember whole cover,41.58,26
Change agent guess,43.07,37
Cultural strong test citizen,28.00,36
May care receive,61.00,29
Around piece already sea,45.86,22
Discuss value around,78.99,5
Rise father,99.03,24
Need,41.29,9
Bar view well fund,30.69,25
Memory after reality,93.92,3
Imagine shoulder ok century language girl similar produce,5.50,10
Everything,88.39,36
Plant science travel final everything,79.76,10
Message because,53.61,30
Me approach,91.86,44
Film Democrat wife paper,24.54,5
Defense can our,21.14,4
Religious,41.28,44
Response that,66.50,48
Worry serious people,89.34,42
Cut conference,29.91,21
Should civil,58.41,47
Leader star make cell food,21.75,19
But pretty,41.18,48
Condition surface,13.93,44
Be eat,51.45,21
Investment write,17.35,0
Brother so specific,83.60,29
Week everyone check,30.74,11
Reality loss,69.30,43
History environmental understand his others small organization,30.84,10
Field meeting machine,85.39,9
Unit own office,65.66,1
Ever tax,59.30,49
Soldier short wish ever,81.77,27
Hand help professional,40.79,50
Summer century everything well radio whom,43.52,32
Fact leader food voice interview,10.80,24
Practice spend image,17.99,22
Own area defense decide maintain,57.87,34
Better southern audience specific authority,73.93,15
Month chance,27.56,21
Other cut try learn speech,58.21,45
Draw reduce decision data,78.20,17
Type start film stay science,65.37,41
Street level,85.77,3
Anyone medical my morning instead,41.66,47
Hotel anything,85.52,19
Call director development cause pull,28.98,38
Kid ask start catch house,24.15,13
Relationship generation the bar,78.60,36
Do include during education,80.00,41
Consumer,68.96,27
Recognize yeah whole let state member,64.78,41
Economy southern,37.91,24
Into cold place system next mean strong national,67.27,36
Trip,18.84,50
Crime,52.96,10
Significant interview while modern,43.70,25
Here main expect billion federal,88.33,17
Sense traditional,72.67,26
Young fact easy,60.37,22
Want budget,55.79,34
According floor,84.31,31
Interview heart hand decision,22.10,33
Huge represent citizen president person,63.19,21
Seem run issue,14.87,48
Reason work time,28.61,48
Room space evening yeah,35.15,0
Find my move,15.33,50
Accept about five what,71.35,31
Mean remain market use,45.65,1
Third really treatment,98.57,50
Provide present tough get strong Mrs,17.89,16
My learn yet,47.57,46
Speech yourself side,96.23,49
Teacher guess,79.52,4
Inside,89.18,36
Street teach since,57.99,9
Source deep,48.30,38
Over movie future,10.63,25
Form expect,81.73,11
Single agree report water physical affect,36.34,28
Pull sea walk,65.67,46
Health yet,87.88,47
Your experience same tell cause artist,14.71,50
Dinner work,97.60,45
Course perform their identify,59.49,39
Form common happy,11.58,5
Rather company everybody him how against,26.71,14
Seven Mrs hard me remember,83.73,44
Since medical your,78.05,33
People address matter worker party himself investment,57.28,30
Surface into,95.23,2
Rule picture paper,85.30,8
Senior popular whether,55.04,26
Air hold truth everybody avoid,45.35,26
Ten,51.46,9
Laugh floor,73.52,37
Tree,93.67,11
Join order simply customer necessary gas,24.44,17
Own about pass claim fly black,81.59,42
Building less performance effort,42.71,17
Manager bar piece black receive process action,75.54,19
Decade understand thousand off morning up true,61.32,1
Free reduce meeting start goal whose,62.58,32
Just message science live,11.42,31
Sure per room,89.62,31
Something require goal next significant,66.89,39
Ground dream right follow itself everybody common program,68.33,40
Voice,77.46,1
Instead subject color meeting when peace,73.52,18
Member wind meet,62.51,34
Main protect investment enough main quickly,49.76,28
Store professor charge,37.23,39
Air sound government direction,60.33,3
Others computer for purpose,57.98,39
Common help nature whose throughout news charge,13.62,30
Light,72.69,1
What,48.42,0
Specific simple,60.29,1
First government defense policy attention must imagine,30.87,43
Safe subject,17.74,0
Training kitchen,25.49,50
Action age,78.64,26
Red,18.62,45
Scene out already east,20.48,33
Hit shake,36.97,4
Forward for,21.67,21
Pressure sister create plant office company,33.86,7
Chair,7.83,14
Different kid alone official,38.99,31
Remain game bed two,83.41,8
Before sound agent thousand agency administration social,40.77,27
Culture action no community speak west,70.98,34
Win doctor industry item,75.71,15
Wait subject,58.96,11
Day yard court lay couple,31.06,50
Down even agreement,80.68,26
Central yeah plant,95.53,24
Expert citizen suggest high true,38.44,8
Clearly get treatment set deal,28.38,2
Understand pick heavy make,57.91,38
Kind listen money life mention late carry,88.29,29
Executive need wonder produce phone debate,70.29,16
Follow in each second great,6.26,44
Hope last early through kind improve,74.70,44
Agent would,25.68,14
Audience child close up reality subject almost,21.74,9
Experience new structure throw training nothing animal,56.12,16
Like news bank next society decade check child,69.70,38
Course high,54.79,29
Treat huge southern scientist,70.37,35
State voice build travel,17.29,45
Figure develop,16.00,18
Kind make suddenly,80.58,32
Policy prove meet individual seat,13.11,8
Become commercial fire return state computer,20.73,45
Teacher name cup involve,89.17,18
Book issue third nearly,21.88,20
In part father,16.25,37
Animal less,51.33,38
Spring yeah Mrs,15.53,5
Network might herself police,73.28,41
Institution open meet music sense be,57.96,39
Large painting hour,86.48,28
Direction season court wrong after,28.67,6
Almost time,59.92,5
Nor else spring key recent husband,56.67,44
Specific few whether,77.49,46
Lead sign off federal,58.52,19
Data five they both cause less too,91.37,8
Eat protect indicate image,11.08,39
Follow attention control simple attorney,31.12,2
Sure woman,49.86,24
Drug nearly ago than,30.94,27
Party including simply specific,13.28,41
Him commercial hot finish since,34.26,47
Writer peace phone million,71.80,25
Business management,25.85,19
High stop order any which light surface,97.22,27
Or,25.85,7
Kid business,82.57,28
Wait since common relate organization,81.18,10
Weight least PM enter,72.35,14
Dream yard action,95.05,49
Wonder nothing she should,91.15,16
Bad throw into beat individual candidate pick,57.53,24
Certainly,24.55,21
Body him our,71.31,25
Purpose necessary various letter,72.40,47
Field walk,55.14,13
Force purpose behavior which,50.43,31
Yes so,40.19,2
Share half,21.59,7
In meet country positive ready possible,25.23,15
Organization,41.86,7
Site never hospital,55.43,17
Rather,74.27,36
Kitchen surface,60.16,1
Hotel the,92.24,41
Loss nice,17.47,49
Either,81.75,43
Western along easy partner as,16.71,29
Accept lawyer coach also,37.89,17
Side together movement toward we,8.48,39
Machine carry especially boy general deep might exactly,93.90,10
Available get scientist movie bill,9.80,22
Baby family five benefit exactly east sign,93.41,19
Possible feeling fill like stay only,7.32,0
Read,83.03,48
Court give professor wall,41.49,43
Leader and provide health,31.15,50
Street cell,76.61,41
According themselves decade international force student,75.44,39
Month ahead pattern,40.62,20
Sea product another speech,36.94,20
Safe account capital space,22.88,34
Nature,87.92,50
Seat many expert challenge necessary,65.42,37
Television respond recently,16.42,10
Tell moment think,79.41,41
Doctor country,90.35,21
Candidate third per less cell out,18.55,1
Water bed hold impact great fear,71.20,25
Management upon bill,24.42,34
Above position small group while would,92.27,16
Company list value character energy season,81.00,20
Major spring plan middle person perform daughter,95.75,47
Yourself eight customer,75.51,31
Agreement us walk,78.73,20
Law blue,99.11,49
Rest try would serious follow,32.63,42
Idea itself,81.69,0
Difference move day receive soldier late along,54.37,32
Major answer spend fall weight market,34.03,6
Thought foreign finish,99.08,35
Main seem case attack,13.49,47
Process,78.12,14
Different,79.04,27
Table give space discover industry,63.00,23
Among third box religious cold world,99.21,15
Plan team,54.97,34
Happy evidence carry personal wife,81.16,15
Building where write purpose someone,47.65,34
During sort year,44.99,16
Seem behind,56.50,11
Morning design Republican age husband hope skill,48.71,48
Check however large positive for ahead start,39.30,25
Hotel nice try stock daughter participant,45.93,49
Street,48.08,10
Health court,83.91,1
Perhaps right product include impact population,20.51,45
Without partner toward wait,84.58,41
Officer,8.64,5
My market significant wait former,31.13,11
Natural,37.24,46
Surface,61.14,2
Might west,20.50,45
Good skin,37.67,23
Research however range threat lead,62.90,5
Dream owner,33.46,30
Three information hold station dream,66.57,10
Quite four audience create,13.77,39
Tv history somebody above beat baby,62.16,0
Sport Mrs boy market,73.24,26
Bring relationship usually prepare,15.64,3
Provide will prove two,53.88,0
Coach,41.84,49
Rock,87.48,8
Building concern,47.87,18
Today,95.13,8
Central near how,52.75,45
Company name alone,50.48,49
Spend town computer,72.89,5
Show,96.54,37
Building five exist,59.47,9
Must,91.81,49
Bring show ability,18.76,35
Idea without family perhaps,70.71,17
Station down certainly start worry,74.17,2
Always girl allow expert health nature,80.67,27
Serve,16.44,20
Computer reality,55.94,18
Best say room,25.99,28
Lawyer who student cause country feeling structure,17.20,14
Appear rest central,77.59,18
Agreement several prepare choice,95.86,10
Age cause,23.92,38
Human upon art,52.27,5
Guy management,79.76,10
Radio true try film herself arrive,8.37,33
Finally every person black thing,83.43,21
Discuss now modern ball,90.76,5
Star accept ready chance federal method team,95.46,38
Congress produce important eight between,97.74,11
Medical,76.74,14
By full degree long detail,84.70,10
Political subject by charge chair star,81.40,19
Wrong sea investment Mrs exist truth,58.42,28
Establish during sister,67.78,13
Modern fear anyone make road Congress,29.18,40
Action themselves ask interview,16.64,40
Enter owner lot,54.24,12
Read first environment continue project large data itself,24.76,3
Often air long degree defense weight thousand,27.77,47
Surface price however movie white teach field question,61.43,20
Despite race turn,26.29,8
Picture media small,55.18,35
Collection authority,18.60,5
Page economic,60.20,48
Pay half high way night serve movie,59.18,46
Above culture,72.86,11
Would break,66.75,25
Air church choice civil with,22.83,18
Develop green computer,21.84,17
Hospital behind,37.79,1
College subject,39.99,7
However number she,9.60,15
Relate rich wish Democrat,74.02,28
Activity do natural,97.35,5
Civil,52.67,45
Stage maintain husband sea upon,47.29,10
Office life market nation,78.75,28
Compare director each pretty can course,34.50,8
Back activity main building American,31.89,35
Store few and,64.67,22
Situation bill everybody street budget sense wife,31.82,24
Partner also class oil indeed economic have,61.18,10
National keep sport drive your,54.82,31
Include beautiful central next,63.97,35
Father,54.87,9
Clear guess first girl,46.06,16
Quite environmental population rule food,11.42,39
Economy picture move nothing,20.90,40
Attorney important small beat,89.40,20
Community Mr experience debate low tonight,37.35,14
Add attorney scientist respond drive,11.38,6
Mission month another,6.50,10
Professional really,86.98,24
Control newspaper direction then end look,80.47,7
Finish point,51.50,37
His thus audience join,50.75,41
Suffer fine million black participant,98.41,39
Sense Republican,93.99,32
Parent teach pick feel start until,13.61,27
Public body establish single color,76.49,34
Street carry begin foot edge,22.06,6
Protect,86.47,36
Current though company increase fly analysis,95.69,26
Foot,61.58,30
Fund,70.10,16
They ok interesting,53.40,48
